[
  {
    "id": "b07cea4e-f90b-4d28-8d8e-d7694b4c0e55",
    "data": [
      {
        "text": "a que hora abren",
        "userDefined": false
      }
    ],
    "isTemplate": false,
    "count": 0,
    "updated": 1527888317
  },
  {
    "id": "a6eb55e0-df91-4ec2-8ae6-b9246582e835",
    "data": [
      {
        "text": "Cual es su horario",
        "userDefined": false
      }
    ],
    "isTemplate": false,
    "count": 0,
    "updated": 1527888317
  },
  {
    "id": "c8f1d2e3-6724-43c4-ba37-0ffedb0275c9",
    "data": [
      {
        "text": "de que hora a que hora abren",
        "userDefined": false
      }
    ],
    "isTemplate": false,
    "count": 0,
    "updated": 1527888317
  },
  {
    "id": "1a0c20dd-8043-448a-8d74-36962b8ac979",
    "data": [
      {
        "text": "cuando abren",
        "userDefined": false
      }
    ],
    "isTemplate": false,
    "count": 0,
    "updated": 1527888317
  },
  {
    "id": "e4d7ac2c-adb1-4d22-8470-6568e21fa2a4",
    "data": [
      {
        "text": "que horario tienen",
        "userDefined": false
      }
    ],
    "isTemplate": false,
    "count": 0,
    "updated": 1527888317
  },
  {
    "id": "19ce3f18-0e3c-4e62-87fc-543bc6c89122",
    "data": [
      {
        "text": "a que hora cierran",
        "userDefined": false
      }
    ],
    "isTemplate": false,
    "count": 0,
    "updated": 1527888317
  },
  {
    "id": "8232d268-fa14-4de5-9e0d-217f4aabee28",
    "data": [
      {
        "text": "cual es la hora en que atienden",
        "userDefined": false
      }
    ],
    "isTemplate": false,
    "count": 1,
    "updated": 1527888317
  }
]