[
  {
    "id": "cdc3b652-059d-45da-a397-df04374503ac",
    "data": [
      {
        "text": "de montaña",
        "alias": "Bicicletas",
        "meta": "@Bicicletas",
        "userDefined": false
      }
    ],
    "isTemplate": false,
    "count": 0,
    "updated": 1534475933
  },
  {
    "id": "d2f2470b-0d82-4c26-a92e-042c6126c475",
    "data": [
      {
        "text": "bici ",
        "userDefined": false
      },
      {
        "text": "de monte",
        "alias": "Bicicletas",
        "meta": "@Bicicletas",
        "userDefined": false
      }
    ],
    "isTemplate": false,
    "count": 0,
    "updated": 1534475338
  },
  {
    "id": "b0166c57-667a-4e28-b3ec-86b46b3ae734",
    "data": [
      {
        "text": "bicicleta ",
        "userDefined": false
      },
      {
        "text": "mixta",
        "alias": "Bicicletas",
        "meta": "@Bicicletas",
        "userDefined": false
      }
    ],
    "isTemplate": false,
    "count": 0,
    "updated": 1534475338
  },
  {
    "id": "73713d4f-e4d4-4ec0-98f2-5c139cb357df",
    "data": [
      {
        "text": "de bicicleta ",
        "userDefined": false
      },
      {
        "text": "de montaña",
        "alias": "Bicicletas",
        "meta": "@Bicicletas",
        "userDefined": false
      }
    ],
    "isTemplate": false,
    "count": 0,
    "updated": 1534475338
  },
  {
    "id": "4f162b7e-f2e2-4fd6-b358-148ddcd4301f",
    "data": [
      {
        "text": "sobre bici ",
        "userDefined": false
      },
      {
        "text": "de monte",
        "alias": "Bicicletas",
        "meta": "@Bicicletas",
        "userDefined": false
      }
    ],
    "isTemplate": false,
    "count": 0,
    "updated": 1534475338
  },
  {
    "id": "5c8bf717-fa05-4f6c-9739-f4cd4e85f2be",
    "data": [
      {
        "text": "sobre  bicicleta ",
        "userDefined": false
      },
      {
        "text": "urbana",
        "alias": "Bicicletas",
        "meta": "@Bicicletas",
        "userDefined": false
      }
    ],
    "isTemplate": false,
    "count": 0,
    "updated": 1534475338
  }
]