[
  {
    "id": "7a0ed151-c632-45f7-9ca4-d39deb9050a5",
    "data": [
      {
        "text": "dime precio de bici",
        "userDefined": false
      }
    ],
    "isTemplate": false,
    "count": 0,
    "updated": 1534489517
  },
  {
    "id": "ed992813-35b1-4334-949b-28e3404b4200",
    "data": [
      {
        "text": "dime tus precios",
        "userDefined": false
      }
    ],
    "isTemplate": false,
    "count": 0,
    "updated": 1534473915
  },
  {
    "id": "75c83d50-e9b4-4a45-8d00-c06b90968253",
    "data": [
      {
        "text": "cuales son tus precios",
        "userDefined": false
      }
    ],
    "isTemplate": false,
    "count": 0,
    "updated": 1534473915
  },
  {
    "id": "4a873fd7-f8c1-440e-aaa2-530ecb226c0a",
    "data": [
      {
        "text": "quiero saber el precio",
        "userDefined": false
      }
    ],
    "isTemplate": false,
    "count": 0,
    "updated": 1534473915
  },
  {
    "id": "a394cf95-7fe4-45b3-acab-6e8e2e340f2e",
    "data": [
      {
        "text": "precio",
        "userDefined": false
      }
    ],
    "isTemplate": false,
    "count": 0,
    "updated": 1534473915
  },
  {
    "id": "1b755e01-111b-4c33-9cfc-313825f67254",
    "data": [
      {
        "text": "dame precio",
        "userDefined": false
      }
    ],
    "isTemplate": false,
    "count": 0,
    "updated": 1534473915
  }
]