[
  {
    "id": "44fd7034-d3bc-495a-b4b8-96d911f101ef",
    "data": [
      {
        "text": "quiero precio de bici ",
        "userDefined": false
      },
      {
        "text": "de monte",
        "alias": "Bicicletas",
        "meta": "@Bicicletas",
        "userDefined": false
      }
    ],
    "isTemplate": false,
    "count": 0,
    "updated": 1534472098
  },
  {
    "id": "cbe866a8-997f-4bd3-a2a6-2565b30b9e79",
    "data": [
      {
        "text": "dame precio de bicicleta ",
        "userDefined": false
      },
      {
        "text": "para ciudad",
        "alias": "Bicicletas",
        "meta": "@Bicicletas",
        "userDefined": false
      }
    ],
    "isTemplate": false,
    "count": 0,
    "updated": 1534472098
  },
  {
    "id": "71a4af45-ea40-4c68-88cc-c4b0151c241d",
    "data": [
      {
        "text": "me podria dar el precio de la bici ",
        "userDefined": false
      },
      {
        "text": "mixta",
        "alias": "Bicicletas",
        "meta": "@Bicicletas",
        "userDefined": false
      }
    ],
    "isTemplate": false,
    "count": 0,
    "updated": 1534472098
  },
  {
    "id": "f6821995-72db-4117-a497-9f0ecda4dbbe",
    "data": [
      {
        "text": "precio de bicicleta ",
        "userDefined": false
      },
      {
        "text": "urbana",
        "alias": "Bicicletas",
        "meta": "@Bicicletas",
        "userDefined": true
      }
    ],
    "isTemplate": false,
    "count": 0,
    "updated": 1534472098
  },
  {
    "id": "43b9c9ca-3547-4e7a-b094-4dc365578fd1",
    "data": [
      {
        "text": "Quiero precio de bicicleta ",
        "userDefined": false
      },
      {
        "text": "de montaña",
        "alias": "Bicicletas",
        "meta": "@Bicicletas",
        "userDefined": false
      }
    ],
    "isTemplate": false,
    "count": 0,
    "updated": 1534472098
  }
]