[
  {
    "value": "De montaña",
    "synonyms": [
      "De montaña",
      "para montaña",
      "de monte",
      "para monde",
      "de cerro",
      "para cerro",
      "bici de cerro",
      "bicicleta de montaña"
    ]
  },
  {
    "value": "Urbana",
    "synonyms": [
      "Urbana",
      "para ciudad",
      "para metrópoli",
      "bicicleta urbana",
      "bici urbana"
    ]
  },
  {
    "value": "Hibrida",
    "synonyms": [
      "Hibrida",
      "mixto",
      "bicicleta mixta"
    ]
  }
]